{"cameraMode":{"drawMode":0,"name":"Shaded","section":"Shading Mode"},"sceneLighting":false,"audioPlay":false,"sceneViewState":{"showFog":true,"showMaterialUpdate":false,"showSkybox":false,"showFlares":true,"showImageEffects":true,"showParticleSystems":true},"in2DMode":false,"pivot":{"x":-1.224609375,"y":0.9982070922851563,"z":0.2132434844970703},"rotation":{"x":-0.05469445511698723,"y":0.8322123885154724,"z":-0.08339963108301163,"w":-0.5454787015914917},"size":2.904759168624878,"orthographic":true}