{"cameraMode":{"drawMode":0,"name":"Shaded","section":"Shading Mode"},"sceneLighting":false,"audioPlay":false,"sceneViewState":{"showFog":true,"showMaterialUpdate":false,"showSkybox":false,"showFlares":true,"showImageEffects":true,"showParticleSystems":true},"in2DMode":false,"pivot":{"x":0.37505829334259035,"y":1.1115121841430665,"z":0.19803771376609803},"rotation":{"x":-0.006851767189800739,"y":0.40721291303634646,"z":-0.003050230210646987,"w":-0.9133145213127136},"size":1.3217368125915528,"orthographic":true}